{
  "lstm": {
    "mae": 1151707.2847311788,
    "rmse": 1577549.1651575223,
    "r2": 0.5226616711650494,
    "mape_pct": 0.02390636175373339
  },
  "gru": {
    "mae": 872967.8710505274,
    "rmse": 1269536.2527187772,
    "r2": 0.6908631935539653,
    "mape_pct": 0.01812060247505641
  },
  "transformer": {
    "mae": 1127817.1973444314,
    "rmse": 1503388.7272010343,
    "r2": 0.5664860462024186,
    "mape_pct": 0.023410167848606202
  }
}